{"cameraMode":{"drawMode":0,"name":"Shaded","section":"Shading Mode"},"sceneLighting":false,"audioPlay":false,"sceneViewState":{"showFog":true,"showMaterialUpdate":false,"showSkybox":true,"showFlares":true,"showImageEffects":true,"showParticleSystems":true},"in2DMode":false,"pivot":{"x":374.90240478515627,"y":78.63189697265625,"z":184.54119873046876},"rotation":{"x":-0.49071571230888369,"y":-0.37218889594078066,"z":0.2437930852174759,"w":-0.7491599321365356},"size":65.30625915527344,"orthographic":false}