{"cameraMode":{"drawMode":0,"name":"Shaded","section":"Shading Mode"},"sceneLighting":true,"audioPlay":false,"sceneViewState":{"showFog":true,"showMaterialUpdate":false,"showSkybox":true,"showFlares":true,"showImageEffects":true,"showParticleSystems":true},"in2DMode":false,"pivot":{"x":782.2501220703125,"y":234.3880615234375,"z":247.59678649902345},"rotation":{"x":0.07607673108577728,"y":0.3830395042896271,"z":-0.031672656536102298,"w":0.9200488924980164},"size":19.733842849731447,"orthographic":false}