{"cameraMode":{"drawMode":0,"name":"Shaded","section":"Shading Mode"},"sceneLighting":false,"audioPlay":false,"sceneViewState":{"showFog":true,"showMaterialUpdate":false,"showSkybox":true,"showFlares":true,"showImageEffects":true,"showParticleSystems":true},"in2DMode":false,"pivot":{"x":0.0026407241821289064,"y":1.3076366186141968,"z":0.5730593800544739},"rotation":{"x":-0.3155284821987152,"y":-0.4200318157672882,"z":0.1585317701101303,"w":-0.8359969854354858},"size":2.189305305480957,"orthographic":false}