{"cameraMode":{"drawMode":0,"name":"Shaded","section":"Shading Mode"},"sceneLighting":false,"audioPlay":false,"sceneViewState":{"showFog":true,"showMaterialUpdate":false,"showSkybox":true,"showFlares":true,"showImageEffects":true,"showParticleSystems":true},"in2DMode":false,"pivot":{"x":0.0423160195350647,"y":1.179183006286621,"z":0.21078473329544068},"rotation":{"x":-0.3155284821987152,"y":-0.4200318157672882,"z":0.1585317701101303,"w":-0.8359969854354858},"size":7.828187942504883,"orthographic":false}